{
	"class_success_rate" : 
	[
		96.212898254394531,
		91.215522766113281,
		93.064178466796875,
		87.166831970214844,
		88.532554626464844,
		89.134613037109375,
		87.511825561523438,
		91.5867919921875
	],
	"confusion_matrix" : 
	[
		[
			940,
			51,
			0,
			0,
			0,
			0,
			1,
			1
		],
		[
			37,
			893,
			29,
			0,
			0,
			0,
			1,
			1
		],
		[
			0,
			34,
			899,
			46,
			0,
			0,
			0,
			1
		],
		[
			0,
			0,
			38,
			883,
			72,
			0,
			0,
			0
		],
		[
			0,
			0,
			0,
			84,
			911,
			20,
			0,
			0
		],
		[
			0,
			0,
			0,
			0,
			44,
			927,
			64,
			1
		],
		[
			0,
			0,
			0,
			0,
			2,
			90,
			925,
			75
		],
		[
			0,
			1,
			0,
			0,
			0,
			3,
			66,
			860
		]
	],
	"succes_result" : 90.474998474121094,
	"total_correct" : 7238,
	"total_wrong" : 762
}