{
	"class_success_rate" : 
	[
		100,
		99.897857666015625,
		100,
		99.901283264160156,
		99.902816772460938,
		99.615386962890625,
		99.810783386230469,
		100
	],
	"confusion_matrix" : 
	[
		[
			977,
			0,
			0,
			0,
			0,
			0,
			0,
			0
		],
		[
			0,
			978,
			0,
			0,
			0,
			0,
			0,
			0
		],
		[
			0,
			1,
			966,
			0,
			0,
			0,
			0,
			0
		],
		[
			0,
			0,
			0,
			1012,
			1,
			0,
			0,
			0
		],
		[
			0,
			0,
			0,
			1,
			1028,
			0,
			0,
			0
		],
		[
			0,
			0,
			0,
			0,
			0,
			1036,
			0,
			0
		],
		[
			0,
			0,
			0,
			0,
			0,
			4,
			1055,
			0
		],
		[
			0,
			0,
			0,
			0,
			0,
			0,
			2,
			939
		]
	],
	"succes_result" : 99.887496948242188,
	"total_correct" : 7991,
	"total_wrong" : 9
}