{
	"class_success_rate" : 
	[
		97.346939086914062,
		95.862068176269531,
		95.242912292480469,
		93.404464721679688,
		94.536079406738281,
		90.433029174804688,
		97.360702514648438
	],
	"confusion_matrix" : 
	[
		[
			954,
			26,
			0,
			0,
			0,
			0,
			0
		],
		[
			26,
			973,
			29,
			0,
			0,
			0,
			0
		],
		[
			0,
			16,
			941,
			36,
			0,
			0,
			0
		],
		[
			0,
			0,
			18,
			963,
			22,
			0,
			0
		],
		[
			0,
			0,
			0,
			32,
			917,
			38,
			0
		],
		[
			0,
			0,
			0,
			0,
			31,
			898,
			27
		],
		[
			0,
			0,
			0,
			0,
			0,
			57,
			996
		]
	],
	"succes_result" : 94.885711669921875,
	"total_correct" : 6642,
	"total_wrong" : 358
}