{
	"class_success_rate" : 
	[
		96.142990112304688,
		93.089828491210938,
		93.588417053222656,
		89.651741027832031,
		85.244163513183594,
		91.290985107421875,
		86.556358337402344,
		91.846298217773438
	],
	"confusion_matrix" : 
	[
		[
			1022,
			51,
			0,
			0,
			0,
			0,
			1,
			0
		],
		[
			40,
			943,
			37,
			0,
			0,
			0,
			0,
			1
		],
		[
			0,
			18,
			905,
			44,
			0,
			0,
			0,
			0
		],
		[
			0,
			0,
			25,
			901,
			82,
			0,
			0,
			0
		],
		[
			0,
			0,
			0,
			60,
			803,
			18,
			0,
			1
		],
		[
			0,
			0,
			0,
			0,
			57,
			891,
			55,
			2
		],
		[
			1,
			1,
			0,
			0,
			0,
			64,
			837,
			83
		],
		[
			0,
			0,
			0,
			0,
			0,
			3,
			74,
			980
		]
	],
	"succes_result" : 91.025001525878906,
	"total_correct" : 7282,
	"total_wrong" : 718
}