{
	"class_success_rate" : 
	[
		97.258880615234375,
		95.459457397460938,
		95.441032409667969,
		94.605392456054688,
		93.933265686035156,
		90.646095275878906,
		98.387100219726562
	],
	"confusion_matrix" : 
	[
		[
			958,
			20,
			0,
			0,
			0,
			0,
			0
		],
		[
			27,
			883,
			28,
			0,
			0,
			0,
			1
		],
		[
			0,
			22,
			963,
			23,
			0,
			0,
			0
		],
		[
			0,
			0,
			18,
			947,
			25,
			0,
			0
		],
		[
			0,
			0,
			0,
			31,
			929,
			31,
			0
		],
		[
			0,
			0,
			0,
			0,
			35,
			940,
			16
		],
		[
			0,
			0,
			0,
			0,
			0,
			66,
			1037
		]
	],
	"succes_result" : 95.099998474121094,
	"total_correct" : 6657,
	"total_wrong" : 343
}