{
	"class_success_rate" : 
	[
		100,
		99.802566528320312,
		100,
		99.900497436523438,
		100,
		100,
		99.586349487304688,
		100
	],
	"confusion_matrix" : 
	[
		[
			1063,
			1,
			0,
			0,
			0,
			0,
			0,
			0
		],
		[
			0,
			1011,
			0,
			0,
			0,
			0,
			0,
			0
		],
		[
			0,
			1,
			967,
			0,
			0,
			0,
			0,
			0
		],
		[
			0,
			0,
			0,
			1004,
			0,
			0,
			0,
			0
		],
		[
			0,
			0,
			0,
			1,
			942,
			0,
			0,
			0
		],
		[
			0,
			0,
			0,
			0,
			0,
			976,
			1,
			0
		],
		[
			0,
			0,
			0,
			0,
			0,
			0,
			963,
			0
		],
		[
			0,
			0,
			0,
			0,
			0,
			0,
			3,
			1067
		]
	],
	"succes_result" : 99.912498474121094,
	"total_correct" : 7993,
	"total_wrong" : 7
}