{
	"class_success_rate" : 
	[
		96.649749755859375,
		95.243240356445312,
		96.333000183105469,
		94.405593872070312,
		94.64105224609375,
		91.321121215820312,
		97.153701782226562
	],
	"confusion_matrix" : 
	[
		[
			952,
			18,
			0,
			0,
			0,
			0,
			1
		],
		[
			33,
			881,
			15,
			0,
			0,
			0,
			1
		],
		[
			0,
			26,
			972,
			20,
			0,
			0,
			1
		],
		[
			0,
			0,
			22,
			945,
			20,
			0,
			0
		],
		[
			0,
			0,
			0,
			36,
			936,
			37,
			1
		],
		[
			0,
			0,
			0,
			0,
			33,
			947,
			26
		],
		[
			0,
			0,
			0,
			0,
			0,
			53,
			1024
		]
	],
	"succes_result" : 95.099998474121094,
	"total_correct" : 6657,
	"total_wrong" : 343
}