{
	"class_success_rate" : 
	[
		100,
		100,
		100,
		99.896903991699219,
		99.806388854980469,
		99.895835876464844,
		99.509323120117188,
		99.89959716796875
	],
	"confusion_matrix" : 
	[
		[
			1005,
			0,
			0,
			0,
			0,
			0,
			0,
			0
		],
		[
			0,
			999,
			0,
			0,
			0,
			0,
			0,
			0
		],
		[
			0,
			0,
			1018,
			0,
			0,
			0,
			0,
			0
		],
		[
			0,
			0,
			0,
			969,
			1,
			0,
			0,
			0
		],
		[
			0,
			0,
			0,
			1,
			1031,
			0,
			0,
			0
		],
		[
			0,
			0,
			0,
			0,
			1,
			959,
			1,
			0
		],
		[
			0,
			0,
			0,
			0,
			0,
			1,
			1014,
			1
		],
		[
			0,
			0,
			0,
			0,
			0,
			0,
			4,
			995
		]
	],
	"succes_result" : 99.875,
	"total_correct" : 7990,
	"total_wrong" : 10
}