{
	"class_success_rate" : 
	[
		95.724006652832031,
		96.321395874023438,
		95.718650817871094,
		94.303153991699219,
		95.086997985839844,
		93.488822937011719,
		95.76446533203125
	],
	"confusion_matrix" : 
	[
		[
			985,
			13,
			0,
			0,
			0,
			0,
			1
		],
		[
			44,
			995,
			16,
			0,
			0,
			0,
			0
		],
		[
			0,
			25,
			939,
			23,
			0,
			0,
			0
		],
		[
			0,
			0,
			26,
			927,
			15,
			0,
			0
		],
		[
			0,
			0,
			0,
			33,
			929,
			27,
			1
		],
		[
			0,
			0,
			0,
			0,
			33,
			962,
			39
		],
		[
			0,
			0,
			0,
			0,
			0,
			40,
			927
		]
	],
	"succes_result" : 95.199996948242188,
	"total_correct" : 6664,
	"total_wrong" : 336
}