{
	"class_success_rate" : 
	[
		95.62188720703125,
		94.594596862792969,
		94.106086730957031,
		91.134017944335938,
		89.641822814941406,
		89.479164123535156,
		88.81256103515625,
		89.156623840332031
	],
	"confusion_matrix" : 
	[
		[
			961,
			34,
			0,
			0,
			1,
			1,
			0,
			1
		],
		[
			43,
			945,
			28,
			0,
			0,
			0,
			0,
			1
		],
		[
			1,
			20,
			958,
			20,
			0,
			0,
			0,
			0
		],
		[
			0,
			0,
			32,
			884,
			67,
			1,
			0,
			0
		],
		[
			0,
			0,
			0,
			66,
			926,
			21,
			0,
			0
		],
		[
			0,
			0,
			0,
			0,
			38,
			859,
			53,
			4
		],
		[
			0,
			0,
			0,
			0,
			1,
			78,
			905,
			102
		],
		[
			0,
			0,
			0,
			0,
			0,
			0,
			61,
			888
		]
	],
	"succes_result" : 91.574996948242188,
	"total_correct" : 7326,
	"total_wrong" : 674
}