{
	"class_success_rate" : 
	[
		95.57855224609375,
		94.47186279296875,
		94.415718078613281,
		90.845771789550781,
		87.048835754394531,
		90.4713134765625,
		87.900726318359375,
		91.096534729003906
	],
	"confusion_matrix" : 
	[
		[
			1016,
			37,
			0,
			0,
			0,
			0,
			1,
			1
		],
		[
			45,
			957,
			33,
			0,
			0,
			0,
			1,
			0
		],
		[
			1,
			19,
			913,
			27,
			0,
			0,
			0,
			2
		],
		[
			0,
			0,
			21,
			913,
			72,
			0,
			0,
			0
		],
		[
			0,
			0,
			0,
			65,
			820,
			22,
			0,
			0
		],
		[
			0,
			0,
			0,
			0,
			50,
			883,
			55,
			0
		],
		[
			1,
			0,
			0,
			0,
			0,
			68,
			850,
			92
		],
		[
			0,
			0,
			0,
			0,
			0,
			3,
			60,
			972
		]
	],
	"succes_result" : 91.550003051757812,
	"total_correct" : 7324,
	"total_wrong" : 676
}