{
	"class_success_rate" : 
	[
		94.15093994140625,
		92.899406433105469,
		94.703392028808594,
		94.491523742675781,
		81.117530822753906
	],
	"confusion_matrix" : 
	[
		[
			499,
			16,
			0,
			0,
			0
		],
		[
			21,
			471,
			15,
			0,
			0
		],
		[
			0,
			20,
			447,
			21,
			0
		],
		[
			0,
			0,
			10,
			446,
			98
		],
		[
			10,
			0,
			0,
			5,
			421
		]
	],
	"succes_result" : 91.360000610351562,
	"total_correct" : 2284,
	"total_wrong" : 216
}