{
	"class_success_rate" : 
	[
		98.404258728027344,
		96.714973449707031,
		96.345176696777344,
		97.270957946777344,
		97.928993225097656
	],
	"confusion_matrix" : 
	[
		[
			925,
			14,
			0,
			0,
			0
		],
		[
			15,
			1001,
			17,
			0,
			0
		],
		[
			0,
			20,
			949,
			13,
			0
		],
		[
			0,
			0,
			19,
			998,
			21
		],
		[
			0,
			0,
			0,
			15,
			993
		]
	],
	"succes_result" : 97.319999694824219,
	"total_correct" : 4866,
	"total_wrong" : 134
}