{
	"class_success_rate" : 
	[
		96.861923217773438,
		94.556449890136719,
		93.762184143066406,
		96.856582641601562,
		91.468254089355469
	],
	"confusion_matrix" : 
	[
		[
			463,
			12,
			0,
			0,
			0
		],
		[
			15,
			469,
			12,
			0,
			0
		],
		[
			0,
			15,
			481,
			9,
			0
		],
		[
			0,
			0,
			20,
			493,
			43
		],
		[
			0,
			0,
			0,
			7,
			461
		]
	],
	"succes_result" : 94.680000305175781,
	"total_correct" : 2367,
	"total_wrong" : 133
}