{
	"class_success_rate" : 
	[
		98.1185302734375,
		66.041458129882812,
		75.904861450195312,
		83.283584594726562,
		77.070060729980469,
		76.844261169433594,
		59.565666198730469,
		90.81536865234375
	],
	"confusion_matrix" : 
	[
		[
			1043,
			243,
			0,
			0,
			3,
			7,
			10,
			5
		],
		[
			17,
			669,
			82,
			0,
			0,
			0,
			0,
			0
		],
		[
			0,
			99,
			734,
			90,
			0,
			0,
			0,
			0
		],
		[
			0,
			0,
			147,
			837,
			105,
			1,
			0,
			0
		],
		[
			0,
			0,
			0,
			78,
			726,
			81,
			0,
			0
		],
		[
			0,
			0,
			0,
			0,
			107,
			750,
			64,
			3
		],
		[
			0,
			0,
			0,
			0,
			0,
			106,
			576,
			90
		],
		[
			3,
			2,
			4,
			0,
			1,
			31,
			317,
			969
		]
	],
	"succes_result" : 78.800003051757812,
	"total_correct" : 6304,
	"total_wrong" : 1696
}