{
	"class_success_rate" : 
	[
		96.841064453125,
		95.914398193359375,
		93.124366760253906,
		94.099380493164062,
		89.442230224609375,
		92.61083984375,
		95.329948425292969
	],
	"confusion_matrix" : 
	[
		[
			981,
			18,
			0,
			0,
			0,
			0,
			0
		],
		[
			32,
			986,
			38,
			0,
			0,
			0,
			0
		],
		[
			0,
			24,
			921,
			26,
			0,
			0,
			0
		],
		[
			0,
			0,
			30,
			909,
			47,
			0,
			0
		],
		[
			0,
			0,
			0,
			31,
			898,
			26,
			1
		],
		[
			0,
			0,
			0,
			0,
			59,
			940,
			45
		],
		[
			0,
			0,
			0,
			0,
			0,
			49,
			939
		]
	],
	"succes_result" : 93.914283752441406,
	"total_correct" : 6574,
	"total_wrong" : 426
}