{
	"class_success_rate" : 
	[
		97.985153198242188,
		70.051284790039062,
		72.456817626953125,
		83.333335876464844,
		79.558540344238281,
		75.882354736328125,
		60.528892517089844,
		89.865562438964844
	],
	"confusion_matrix" : 
	[
		[
			924,
			199,
			0,
			0,
			2,
			10,
			8,
			7
		],
		[
			16,
			683,
			91,
			0,
			0,
			0,
			0,
			0
		],
		[
			1,
			92,
			755,
			83,
			0,
			0,
			0,
			0
		],
		[
			0,
			0,
			195,
			825,
			103,
			0,
			0,
			0
		],
		[
			0,
			0,
			0,
			81,
			829,
			97,
			0,
			0
		],
		[
			0,
			0,
			0,
			0,
			107,
			774,
			72,
			0
		],
		[
			0,
			0,
			0,
			0,
			1,
			107,
			618,
			91
		],
		[
			2,
			1,
			1,
			1,
			0,
			32,
			323,
			869
		]
	],
	"succes_result" : 78.462501525878906,
	"total_correct" : 6277,
	"total_wrong" : 1723
}