{
	"class_success_rate" : 
	[
		70.829269409179688,
		93.360572814941406,
		81.96881103515625,
		78.216819763183594,
		81.967216491699219,
		66.316795349121094,
		91.970802307128906
	],
	"confusion_matrix" : 
	[
		[
			726,
			4,
			0,
			0,
			0,
			0,
			0
		],
		[
			258,
			914,
			79,
			1,
			0,
			0,
			1
		],
		[
			2,
			56,
			841,
			85,
			0,
			2,
			0
		],
		[
			1,
			0,
			105,
			772,
			82,
			1,
			0
		],
		[
			2,
			0,
			0,
			128,
			800,
			90,
			2
		],
		[
			7,
			1,
			0,
			0,
			88,
			695,
			74
		],
		[
			29,
			4,
			1,
			1,
			6,
			260,
			882
		]
	],
	"succes_result" : 80.428573608398438,
	"total_correct" : 5630,
	"total_wrong" : 1370
}