{
	"class_success_rate" : 
	[
		96.446701049804688,
		95.56756591796875,
		94.747276306152344,
		94.705291748046875,
		90.798789978027344,
		93.924781799316406,
		95.351043701171875
	],
	"confusion_matrix" : 
	[
		[
			950,
			18,
			0,
			0,
			0,
			0,
			2
		],
		[
			34,
			884,
			29,
			0,
			0,
			0,
			0
		],
		[
			0,
			23,
			956,
			22,
			0,
			0,
			1
		],
		[
			0,
			0,
			24,
			948,
			33,
			0,
			0
		],
		[
			0,
			0,
			0,
			31,
			898,
			26,
			1
		],
		[
			0,
			0,
			0,
			0,
			58,
			974,
			45
		],
		[
			1,
			0,
			0,
			0,
			0,
			37,
			1005
		]
	],
	"succes_result" : 94.5,
	"total_correct" : 6615,
	"total_wrong" : 385
}