{
	"class_success_rate" : 
	[
		100,
		99.795707702636719,
		100,
		99.79736328125,
		99.795082092285156,
		99.618324279785156,
		100
	],
	"confusion_matrix" : 
	[
		[
			1025,
			0,
			0,
			0,
			0,
			0,
			0
		],
		[
			0,
			977,
			0,
			0,
			0,
			0,
			0
		],
		[
			0,
			1,
			1026,
			2,
			0,
			0,
			0
		],
		[
			0,
			0,
			0,
			985,
			0,
			0,
			0
		],
		[
			0,
			0,
			0,
			0,
			974,
			3,
			0
		],
		[
			0,
			0,
			0,
			0,
			1,
			1044,
			0
		],
		[
			0,
			1,
			0,
			0,
			1,
			1,
			959
		]
	],
	"succes_result" : 99.857139587402344,
	"total_correct" : 6990,
	"total_wrong" : 10
}