{
	"class_success_rate" : 
	[
		73.599998474121094,
		94.191238403320312,
		81.940147399902344,
		76.65289306640625,
		82.441978454589844,
		65.696464538574219,
		92.129165649414062
	],
	"confusion_matrix" : 
	[
		[
			736,
			5,
			0,
			0,
			0,
			1,
			0
		],
		[
			231,
			1054,
			57,
			0,
			1,
			1,
			4
		],
		[
			1,
			53,
			794,
			86,
			0,
			2,
			1
		],
		[
			0,
			0,
			115,
			742,
			92,
			1,
			0
		],
		[
			0,
			0,
			0,
			138,
			817,
			89,
			0
		],
		[
			12,
			1,
			0,
			1,
			75,
			632,
			73
		],
		[
			20,
			6,
			3,
			1,
			6,
			236,
			913
		]
	],
	"succes_result" : 81.25714111328125,
	"total_correct" : 5688,
	"total_wrong" : 1312
}