{
	"class_success_rate" : 
	[
		97.744361877441406,
		95.77166748046875,
		94.152046203613281,
		97.66949462890625,
		89.607841491699219
	],
	"confusion_matrix" : 
	[
		[
			520,
			8,
			0,
			0,
			0
		],
		[
			12,
			453,
			15,
			0,
			0
		],
		[
			0,
			12,
			483,
			10,
			0
		],
		[
			0,
			0,
			15,
			461,
			53
		],
		[
			0,
			0,
			0,
			1,
			457
		]
	],
	"succes_result" : 94.959999084472656,
	"total_correct" : 2374,
	"total_wrong" : 126
}