{
	"class_success_rate" : 
	[
		100,
		99.910636901855469,
		99.896797180175781,
		99.793388366699219,
		99.899093627929688,
		99.896049499511719,
		100
	],
	"confusion_matrix" : 
	[
		[
			1000,
			0,
			0,
			0,
			0,
			0,
			0
		],
		[
			0,
			1118,
			0,
			0,
			0,
			0,
			0
		],
		[
			0,
			1,
			968,
			2,
			0,
			0,
			0
		],
		[
			0,
			0,
			1,
			966,
			1,
			0,
			0
		],
		[
			0,
			0,
			0,
			0,
			990,
			0,
			0
		],
		[
			0,
			0,
			0,
			0,
			0,
			961,
			0
		],
		[
			0,
			0,
			0,
			0,
			0,
			1,
			991
		]
	],
	"succes_result" : 99.914283752441406,
	"total_correct" : 6994,
	"total_wrong" : 6
}