{
	"class_success_rate" : 
	[
		98.08978271484375,
		96.587387084960938,
		95.858589172363281,
		96.75262451171875,
		97.89251708984375
	],
	"confusion_matrix" : 
	[
		[
			1027,
			9,
			0,
			0,
			0
		],
		[
			20,
			934,
			17,
			0,
			0
		],
		[
			0,
			24,
			949,
			18,
			0
		],
		[
			0,
			0,
			24,
			1013,
			20
		],
		[
			0,
			0,
			0,
			16,
			929
		]
	],
	"succes_result" : 97.040000915527344,
	"total_correct" : 4852,
	"total_wrong" : 148
}