{
	"class_success_rate" : 
	[
		95.9595947265625,
		92.946060180664062,
		96.124031066894531,
		95.247146606445312,
		87.110183715820312
	],
	"confusion_matrix" : 
	[
		[
			475,
			16,
			0,
			0,
			0
		],
		[
			13,
			448,
			15,
			0,
			0
		],
		[
			0,
			18,
			496,
			22,
			0
		],
		[
			0,
			0,
			5,
			501,
			62
		],
		[
			7,
			0,
			0,
			3,
			419
		]
	],
	"succes_result" : 93.55999755859375,
	"total_correct" : 2339,
	"total_wrong" : 161
}