{
	"class_success_rate" : 
	[
		97.448478698730469,
		94.721687316894531,
		95.938102722167969,
		94.202896118164062,
		92.129165649414062,
		93.608245849609375,
		96.4212646484375
	],
	"confusion_matrix" : 
	[
		[
			993,
			28,
			0,
			0,
			0,
			0,
			0
		],
		[
			25,
			987,
			22,
			0,
			0,
			0,
			0
		],
		[
			0,
			27,
			992,
			26,
			0,
			0,
			0
		],
		[
			0,
			0,
			20,
			910,
			25,
			0,
			0
		],
		[
			0,
			0,
			0,
			30,
			913,
			14,
			4
		],
		[
			0,
			0,
			0,
			0,
			53,
			908,
			31
		],
		[
			1,
			0,
			0,
			0,
			0,
			48,
			943
		]
	],
	"succes_result" : 94.942855834960938,
	"total_correct" : 6646,
	"total_wrong" : 354
}