{
	"class_success_rate" : 
	[
		100,
		99.897956848144531,
		100,
		99.806388854980469,
		99.898681640625,
		100,
		99.799400329589844,
		99.794029235839844
	],
	"confusion_matrix" : 
	[
		[
			1067,
			0,
			0,
			0,
			0,
			0,
			0,
			0
		],
		[
			0,
			979,
			0,
			0,
			0,
			0,
			0,
			1
		],
		[
			0,
			1,
			984,
			0,
			0,
			0,
			0,
			0
		],
		[
			0,
			0,
			0,
			1031,
			1,
			0,
			0,
			0
		],
		[
			0,
			0,
			0,
			2,
			986,
			0,
			0,
			0
		],
		[
			0,
			0,
			0,
			0,
			0,
			981,
			0,
			0
		],
		[
			0,
			0,
			0,
			0,
			0,
			0,
			995,
			1
		],
		[
			0,
			0,
			0,
			0,
			0,
			0,
			2,
			969
		]
	],
	"succes_result" : 99.900001525878906,
	"total_correct" : 7992,
	"total_wrong" : 8
}