{
	"class_success_rate" : 
	[
		95.860771179199219,
		92.497535705566406,
		95.863494873046875,
		91.940299987792969,
		88.110404968261719,
		91.290985107421875,
		87.487075805664062,
		92.877227783203125
	],
	"confusion_matrix" : 
	[
		[
			1019,
			47,
			0,
			0,
			0,
			0,
			1,
			0
		],
		[
			42,
			937,
			21,
			0,
			0,
			0,
			1,
			0
		],
		[
			1,
			28,
			927,
			24,
			1,
			0,
			0,
			1
		],
		[
			0,
			0,
			19,
			924,
			71,
			0,
			0,
			0
		],
		[
			0,
			0,
			0,
			57,
			830,
			20,
			0,
			0
		],
		[
			0,
			0,
			0,
			0,
			40,
			891,
			56,
			1
		],
		[
			0,
			0,
			0,
			0,
			0,
			59,
			846,
			74
		],
		[
			1,
			1,
			0,
			0,
			0,
			6,
			63,
			991
		]
	],
	"succes_result" : 92.0625,
	"total_correct" : 7365,
	"total_wrong" : 635
}