{
	"class_success_rate" : 
	[
		96.438613891601562,
		93.877548217773438,
		95.833335876464844,
		92.449180603027344,
		89.8682861328125,
		89.398574829101562,
		87.161483764648438,
		90.937179565429688
	],
	"confusion_matrix" : 
	[
		[
			1029,
			29,
			0,
			1,
			0,
			1,
			2,
			3
		],
		[
			34,
			920,
			17,
			0,
			0,
			0,
			0,
			1
		],
		[
			0,
			29,
			943,
			17,
			0,
			0,
			2,
			1
		],
		[
			0,
			0,
			23,
			955,
			66,
			1,
			0,
			0
		],
		[
			0,
			0,
			0,
			60,
			887,
			30,
			0,
			0
		],
		[
			0,
			0,
			0,
			0,
			33,
			877,
			60,
			1
		],
		[
			2,
			1,
			1,
			0,
			0,
			67,
			869,
			82
		],
		[
			2,
			1,
			0,
			0,
			1,
			5,
			64,
			883
		]
	],
	"succes_result" : 92.037498474121094,
	"total_correct" : 7363,
	"total_wrong" : 637
}