{
	"class_success_rate" : 
	[
		97.157363891601562,
		94.702705383300781,
		96.333000183105469,
		95.204795837402344,
		92.21435546875,
		92.960464477539062,
		96.204933166503906
	],
	"confusion_matrix" : 
	[
		[
			957,
			25,
			0,
			0,
			0,
			0,
			1
		],
		[
			28,
			876,
			18,
			0,
			0,
			0,
			1
		],
		[
			0,
			24,
			972,
			17,
			0,
			0,
			1
		],
		[
			0,
			0,
			19,
			953,
			27,
			0,
			0
		],
		[
			0,
			0,
			0,
			31,
			912,
			16,
			2
		],
		[
			0,
			0,
			0,
			0,
			50,
			964,
			35
		],
		[
			0,
			0,
			0,
			0,
			0,
			57,
			1014
		]
	],
	"succes_result" : 94.971427917480469,
	"total_correct" : 6648,
	"total_wrong" : 352
}