{
	"accuracy" : 97.300003051757812,
	"class_success_rate" : 
	[
		96.825393676757812,
		97.373741149902344,
		96.478874206542969,
		98.867149353027344,
		97.010604858398438
	],
	"confusion_matrix" : 
	[
		[
			976,
			12,
			0,
			0,
			0
		],
		[
			32,
			964,
			13,
			0,
			0
		],
		[
			0,
			14,
			959,
			8,
			0
		],
		[
			0,
			0,
			22,
			960,
			31
		],
		[
			0,
			0,
			0,
			3,
			1006
		]
	],
	"miss_count" : 135,
	"success_count" : 4865
}