{
	"class_success_rate" : 
	[
		100,
		100,
		100,
		99.812736511230469,
		99.702377319335938,
		99.388999938964844,
		99.897537231445312
	],
	"confusion_matrix" : 
	[
		[
			990,
			0,
			0,
			0,
			0,
			0,
			0
		],
		[
			0,
			988,
			0,
			0,
			0,
			0,
			0
		],
		[
			0,
			0,
			988,
			1,
			0,
			0,
			0
		],
		[
			0,
			0,
			0,
			1066,
			1,
			1,
			0
		],
		[
			0,
			0,
			0,
			1,
			1005,
			1,
			0
		],
		[
			0,
			0,
			0,
			0,
			2,
			976,
			1
		],
		[
			0,
			0,
			0,
			0,
			0,
			4,
			975
		]
	],
	"succes_result" : 99.828575134277344,
	"total_correct" : 6988,
	"total_wrong" : 12
}