{
	"class_success_rate" : 
	[
		100,
		99.129592895507812,
		100,
		100,
		99.897750854492188,
		99.897331237792969,
		100,
		100
	],
	"confusion_matrix" : 
	[
		[
			1022,
			4,
			0,
			0,
			0,
			0,
			0,
			0
		],
		[
			0,
			1025,
			0,
			0,
			0,
			0,
			0,
			0
		],
		[
			0,
			4,
			1012,
			0,
			0,
			0,
			0,
			0
		],
		[
			0,
			0,
			0,
			990,
			1,
			0,
			0,
			0
		],
		[
			0,
			0,
			0,
			0,
			977,
			0,
			0,
			0
		],
		[
			0,
			1,
			0,
			0,
			0,
			973,
			0,
			0
		],
		[
			0,
			0,
			0,
			0,
			0,
			1,
			991,
			0
		],
		[
			0,
			0,
			0,
			0,
			0,
			0,
			0,
			999
		]
	],
	"succes_result" : 99.862503051757812,
	"total_correct" : 7989,
	"total_wrong" : 11
}