{
	"class_success_rate" : 
	[
		89.557853698730469,
		45.310958862304688,
		98.138572692871094,
		86.268653869628906,
		80.467094421386719,
		88.319671630859375,
		81.385726928710938,
		86.504219055175781
	],
	"confusion_matrix" : 
	[
		[
			952,
			333,
			1,
			0,
			0,
			0,
			0,
			0
		],
		[
			26,
			459,
			1,
			0,
			0,
			0,
			0,
			0
		],
		[
			15,
			203,
			949,
			66,
			0,
			1,
			0,
			2
		],
		[
			12,
			4,
			16,
			867,
			84,
			3,
			1,
			0
		],
		[
			11,
			3,
			0,
			71,
			758,
			26,
			3,
			0
		],
		[
			10,
			3,
			0,
			1,
			99,
			862,
			60,
			12
		],
		[
			19,
			3,
			0,
			0,
			1,
			81,
			787,
			130
		],
		[
			18,
			5,
			0,
			0,
			0,
			3,
			116,
			923
		]
	],
	"succes_result" : 81.962501525878906,
	"total_correct" : 6557,
	"total_wrong" : 1443
}