{
	"class_success_rate" : 
	[
		100,
		99.111549377441406,
		100,
		100,
		100,
		100,
		99.689765930175781,
		99.906280517578125
	],
	"confusion_matrix" : 
	[
		[
			1063,
			3,
			0,
			0,
			0,
			0,
			0,
			0
		],
		[
			0,
			1004,
			0,
			0,
			0,
			0,
			0,
			0
		],
		[
			0,
			2,
			967,
			0,
			0,
			0,
			0,
			0
		],
		[
			0,
			1,
			0,
			1005,
			0,
			0,
			0,
			0
		],
		[
			0,
			1,
			0,
			0,
			942,
			0,
			1,
			0
		],
		[
			0,
			1,
			0,
			0,
			0,
			976,
			1,
			0
		],
		[
			0,
			0,
			0,
			0,
			0,
			0,
			964,
			1
		],
		[
			0,
			1,
			0,
			0,
			0,
			0,
			1,
			1066
		]
	],
	"succes_result" : 99.837501525878906,
	"total_correct" : 7987,
	"total_wrong" : 13
}