{
	"class_success_rate" : 
	[
		97.688438415527344,
		94.926826477050781,
		93.586006164550781,
		91.995948791503906,
		93.120635986328125,
		90.899688720703125,
		98.390342712402344
	],
	"confusion_matrix" : 
	[
		[
			972,
			28,
			0,
			0,
			0,
			0,
			1
		],
		[
			21,
			973,
			38,
			0,
			0,
			0,
			0
		],
		[
			0,
			24,
			963,
			37,
			0,
			0,
			0
		],
		[
			0,
			0,
			28,
			908,
			18,
			0,
			0
		],
		[
			0,
			0,
			0,
			41,
			934,
			21,
			0
		],
		[
			0,
			0,
			0,
			0,
			51,
			879,
			15
		],
		[
			2,
			0,
			0,
			1,
			0,
			67,
			978
		]
	],
	"succes_result" : 94.385711669921875,
	"total_correct" : 6607,
	"total_wrong" : 393
}