{
	"class_success_rate" : 
	[
		100,
		100,
		100,
		99.689765930175781,
		99.700302124023438,
		99.411766052246094,
		99.797157287597656
	],
	"confusion_matrix" : 
	[
		[
			1035,
			0,
			0,
			0,
			0,
			0,
			0
		],
		[
			0,
			977,
			0,
			0,
			0,
			0,
			0
		],
		[
			0,
			0,
			1014,
			2,
			1,
			0,
			0
		],
		[
			0,
			0,
			0,
			964,
			0,
			1,
			0
		],
		[
			0,
			0,
			0,
			1,
			998,
			4,
			0
		],
		[
			0,
			0,
			0,
			0,
			1,
			1014,
			2
		],
		[
			0,
			0,
			0,
			0,
			1,
			1,
			984
		]
	],
	"succes_result" : 99.800003051757812,
	"total_correct" : 6986,
	"total_wrong" : 14
}