{
	"class_success_rate" : 
	[
		91.312934875488281,
		90.351760864257812,
		97.36328125,
		93.568466186523438,
		87.5653076171875,
		90.549659729003906,
		94.851486206054688
	],
	"confusion_matrix" : 
	[
		[
			925,
			6,
			0,
			0,
			0,
			0,
			0
		],
		[
			84,
			899,
			1,
			0,
			0,
			0,
			0
		],
		[
			0,
			90,
			997,
			35,
			0,
			0,
			1
		],
		[
			0,
			0,
			26,
			902,
			47,
			0,
			0
		],
		[
			0,
			0,
			0,
			27,
			838,
			19,
			1
		],
		[
			4,
			0,
			0,
			0,
			72,
			939,
			50
		],
		[
			0,
			0,
			0,
			0,
			0,
			79,
			958
		]
	],
	"succes_result" : 92.25714111328125,
	"total_correct" : 6458,
	"total_wrong" : 542
}