{
	"class_success_rate" : 
	[
		96.934867858886719,
		94.330398559570312,
		94.364753723144531,
		92.168678283691406,
		92.330978393554688,
		90.599174499511719,
		97.804389953613281
	],
	"confusion_matrix" : 
	[
		[
			1012,
			39,
			0,
			0,
			0,
			0,
			1
		],
		[
			31,
			965,
			32,
			0,
			0,
			0,
			0
		],
		[
			0,
			19,
			921,
			32,
			0,
			0,
			1
		],
		[
			0,
			0,
			23,
			918,
			15,
			0,
			0
		],
		[
			0,
			0,
			0,
			46,
			915,
			28,
			1
		],
		[
			0,
			0,
			0,
			0,
			61,
			877,
			19
		],
		[
			1,
			0,
			0,
			0,
			0,
			63,
			980
		]
	],
	"succes_result" : 94.114288330078125,
	"total_correct" : 6588,
	"total_wrong" : 412
}