{
	"class_success_rate" : 
	[
		100,
		100,
		100,
		99.603172302246094,
		99.900299072265625,
		100,
		100
	],
	"confusion_matrix" : 
	[
		[
			1040,
			0,
			0,
			0,
			0,
			0,
			0
		],
		[
			0,
			997,
			0,
			0,
			0,
			0,
			0
		],
		[
			0,
			0,
			957,
			4,
			0,
			0,
			0
		],
		[
			0,
			0,
			0,
			1004,
			0,
			0,
			0
		],
		[
			0,
			0,
			0,
			0,
			1002,
			0,
			0
		],
		[
			0,
			0,
			0,
			0,
			1,
			1014,
			0
		],
		[
			0,
			0,
			0,
			0,
			0,
			0,
			981
		]
	],
	"succes_result" : 99.928573608398438,
	"total_correct" : 6995,
	"total_wrong" : 5
}