{
	"class_success_rate" : 
	[
		99.90167236328125,
		100,
		100,
		99.601593017578125,
		100,
		99.5155029296875,
		100
	],
	"confusion_matrix" : 
	[
		[
			1016,
			0,
			0,
			0,
			0,
			0,
			0
		],
		[
			0,
			965,
			0,
			0,
			0,
			0,
			0
		],
		[
			0,
			0,
			981,
			4,
			0,
			0,
			0
		],
		[
			0,
			0,
			0,
			1000,
			0,
			0,
			0
		],
		[
			0,
			0,
			0,
			0,
			1025,
			2,
			0
		],
		[
			0,
			0,
			0,
			0,
			0,
			1027,
			0
		],
		[
			1,
			0,
			0,
			0,
			0,
			3,
			976
		]
	],
	"succes_result" : 99.857139587402344,
	"total_correct" : 6990,
	"total_wrong" : 10
}