{
	"class_success_rate" : 
	[
		88.934013366699219,
		90.270271301269531,
		97.918731689453125,
		93.206794738769531,
		88.068756103515625,
		90.0675048828125,
		96.48956298828125
	],
	"confusion_matrix" : 
	[
		[
			876,
			3,
			0,
			0,
			0,
			0,
			0
		],
		[
			102,
			835,
			2,
			0,
			0,
			0,
			0
		],
		[
			0,
			87,
			988,
			33,
			0,
			0,
			3
		],
		[
			0,
			0,
			19,
			933,
			46,
			1,
			0
		],
		[
			0,
			0,
			0,
			35,
			871,
			22,
			1
		],
		[
			7,
			0,
			0,
			0,
			72,
			934,
			33
		],
		[
			0,
			0,
			0,
			0,
			0,
			80,
			1017
		]
	],
	"succes_result" : 92.199996948242188,
	"total_correct" : 6454,
	"total_wrong" : 546
}