{
	"class_success_rate" : 
	[
		91.193740844726562,
		48.355899810791016,
		95.849800109863281,
		85.555557250976562,
		83.231086730957031,
		85.934288024902344,
		78.102928161621094,
		86.286285400390625
	],
	"confusion_matrix" : 
	[
		[
			932,
			303,
			1,
			0,
			0,
			0,
			0,
			0
		],
		[
			14,
			500,
			3,
			0,
			0,
			0,
			0,
			0
		],
		[
			23,
			217,
			970,
			67,
			0,
			0,
			0,
			0
		],
		[
			7,
			3,
			35,
			847,
			76,
			0,
			1,
			0
		],
		[
			15,
			6,
			3,
			75,
			814,
			34,
			4,
			1
		],
		[
			8,
			4,
			0,
			1,
			86,
			837,
			74,
			11
		],
		[
			14,
			1,
			0,
			0,
			2,
			103,
			774,
			125
		],
		[
			9,
			0,
			0,
			0,
			0,
			0,
			138,
			862
		]
	],
	"succes_result" : 81.699996948242188,
	"total_correct" : 6536,
	"total_wrong" : 1464
}