{
	"class_success_rate" : 
	[
		76.969696044921875,
		57.388664245605469,
		94.129554748535156,
		77.2471923828125,
		83.730155944824219,
		75.763748168945312,
		92.41802978515625
	],
	"confusion_matrix" : 
	[
		[
			762,
			132,
			0,
			0,
			0,
			0,
			0
		],
		[
			135,
			567,
			3,
			0,
			0,
			0,
			0
		],
		[
			15,
			259,
			930,
			114,
			0,
			1,
			0
		],
		[
			7,
			9,
			55,
			825,
			77,
			1,
			0
		],
		[
			19,
			4,
			0,
			128,
			844,
			50,
			4
		],
		[
			11,
			1,
			0,
			0,
			83,
			744,
			70
		],
		[
			41,
			16,
			0,
			1,
			4,
			186,
			902
		]
	],
	"succes_result" : 79.628570556640625,
	"total_correct" : 5574,
	"total_wrong" : 1426
}