{
	"class_success_rate" : 
	[
		100,
		100,
		100,
		99.79736328125,
		100,
		100,
		100
	],
	"confusion_matrix" : 
	[
		[
			995,
			0,
			0,
			0,
			0,
			0,
			0
		],
		[
			0,
			1025,
			0,
			0,
			0,
			0,
			0
		],
		[
			0,
			0,
			1029,
			2,
			0,
			0,
			0
		],
		[
			0,
			0,
			0,
			985,
			0,
			0,
			0
		],
		[
			0,
			0,
			0,
			0,
			1003,
			0,
			0
		],
		[
			0,
			0,
			0,
			0,
			0,
			967,
			0
		],
		[
			0,
			0,
			0,
			0,
			0,
			0,
			994
		]
	],
	"succes_result" : 99.971427917480469,
	"total_correct" : 6998,
	"total_wrong" : 2
}