{
	"class_success_rate" : 
	[
		76.714973449707031,
		54.861820220947266,
		93.589744567871094,
		77.352638244628906,
		83.616386413574219,
		71.76470947265625,
		92.494926452636719
	],
	"confusion_matrix" : 
	[
		[
			794,
			151,
			0,
			0,
			0,
			0,
			0
		],
		[
			120,
			536,
			2,
			0,
			0,
			0,
			0
		],
		[
			16,
			262,
			949,
			107,
			1,
			0,
			0
		],
		[
			12,
			6,
			62,
			748,
			59,
			2,
			0
		],
		[
			23,
			3,
			0,
			111,
			837,
			60,
			5
		],
		[
			10,
			3,
			0,
			0,
			101,
			732,
			69
		],
		[
			60,
			16,
			1,
			1,
			3,
			226,
			912
		]
	],
	"succes_result" : 78.685714721679688,
	"total_correct" : 5508,
	"total_wrong" : 1492
}