{
	"class_success_rate" : 
	[
		92.035400390625,
		50.466320037841797,
		93.06829833984375,
		75.597610473632812,
		89.268295288085938,
		78.682167053222656,
		89.13934326171875
	],
	"confusion_matrix" : 
	[
		[
			936,
			280,
			0,
			0,
			0,
			0,
			0
		],
		[
			13,
			487,
			8,
			0,
			0,
			0,
			0
		],
		[
			20,
			195,
			913,
			96,
			0,
			0,
			1
		],
		[
			3,
			1,
			59,
			759,
			36,
			0,
			0
		],
		[
			15,
			2,
			1,
			148,
			915,
			91,
			3
		],
		[
			15,
			0,
			0,
			0,
			71,
			812,
			102
		],
		[
			15,
			0,
			0,
			1,
			3,
			129,
			870
		]
	],
	"succes_result" : 81.314285278320312,
	"total_correct" : 5692,
	"total_wrong" : 1308
}