{
	"class_success_rate" : 
	[
		91.25,
		53.360080718994141,
		91.536048889160156,
		73.908729553222656,
		85.543373107910156,
		78.10650634765625,
		88.48114013671875
	],
	"confusion_matrix" : 
	[
		[
			949,
			276,
			0,
			0,
			0,
			1,
			0
		],
		[
			8,
			532,
			13,
			0,
			0,
			0,
			0
		],
		[
			17,
			182,
			876,
			109,
			0,
			1,
			2
		],
		[
			5,
			0,
			68,
			745,
			53,
			0,
			0
		],
		[
			17,
			0,
			0,
			154,
			858,
			86,
			7
		],
		[
			19,
			0,
			0,
			0,
			88,
			792,
			104
		],
		[
			25,
			7,
			0,
			0,
			4,
			134,
			868
		]
	],
	"succes_result" : 80.285713195800781,
	"total_correct" : 5620,
	"total_wrong" : 1380
}