{
	"class_success_rate" : 
	[
		96.796119689941406,
		97.014923095703125,
		95.76446533203125,
		98.223617553710938,
		96.634613037109375
	],
	"confusion_matrix" : 
	[
		[
			997,
			18,
			0,
			0,
			0
		],
		[
			33,
			975,
			24,
			0,
			0
		],
		[
			0,
			12,
			927,
			10,
			0
		],
		[
			0,
			0,
			17,
			940,
			35
		],
		[
			0,
			0,
			0,
			7,
			1005
		]
	],
	"succes_result" : 96.879997253417969,
	"total_correct" : 4844,
	"total_wrong" : 156
}