{
	"class_success_rate" : 
	[
		96.812751770019531,
		97.21649169921875,
		95.415473937988281,
		97.347740173339844,
		96.14984130859375
	],
	"confusion_matrix" : 
	[
		[
			972,
			12,
			0,
			0,
			0
		],
		[
			32,
			943,
			27,
			0,
			0
		],
		[
			0,
			15,
			999,
			18,
			0
		],
		[
			0,
			0,
			21,
			991,
			37
		],
		[
			0,
			0,
			0,
			9,
			924
		]
	],
	"succes_result" : 96.580001831054688,
	"total_correct" : 4829,
	"total_wrong" : 171
}