{
	"accuracy" : 97.239997863769531,
	"class_success_rate" : 
	[
		97.093025207519531,
		97.876640319824219,
		95.306121826171875,
		97.563453674316406,
		98.323471069335938
	],
	"confusion_matrix" : 
	[
		[
			1002,
			13,
			0,
			0,
			0
		],
		[
			30,
			968,
			22,
			0,
			0
		],
		[
			0,
			8,
			934,
			10,
			0
		],
		[
			0,
			0,
			24,
			961,
			17
		],
		[
			0,
			0,
			0,
			14,
			997
		]
	],
	"miss_count" : 138,
	"success_count" : 4862
}