{
	"class_success_rate" : 
	[
		36.218250274658203,
		92.59625244140625,
		65.5635986328125,
		67.363182067871094,
		79.723991394042969,
		85.758193969726562,
		80.868667602539062,
		90.065605163574219
	],
	"confusion_matrix" : 
	[
		[
			385,
			29,
			0,
			0,
			0,
			0,
			0,
			0
		],
		[
			578,
			938,
			270,
			6,
			0,
			0,
			0,
			0
		],
		[
			20,
			34,
			634,
			184,
			1,
			0,
			0,
			0
		],
		[
			0,
			0,
			57,
			677,
			67,
			0,
			0,
			0
		],
		[
			6,
			1,
			0,
			137,
			751,
			67,
			2,
			2
		],
		[
			16,
			4,
			0,
			0,
			123,
			837,
			80,
			5
		],
		[
			54,
			2,
			3,
			0,
			0,
			70,
			782,
			99
		],
		[
			4,
			5,
			3,
			1,
			0,
			2,
			103,
			961
		]
	],
	"succes_result" : 74.5625,
	"total_correct" : 5965,
	"total_wrong" : 2035
}