{
	"class_success_rate" : 
	[
		100,
		100,
		100,
		100,
		100,
		100,
		99.810249328613281
	],
	"confusion_matrix" : 
	[
		[
			985,
			0,
			0,
			0,
			0,
			0,
			1
		],
		[
			0,
			925,
			0,
			0,
			0,
			0,
			0
		],
		[
			0,
			0,
			1009,
			0,
			0,
			0,
			0
		],
		[
			0,
			0,
			0,
			1001,
			0,
			0,
			0
		],
		[
			0,
			0,
			0,
			0,
			989,
			0,
			1
		],
		[
			0,
			0,
			0,
			0,
			0,
			1037,
			0
		],
		[
			0,
			0,
			0,
			0,
			0,
			0,
			1052
		]
	],
	"succes_result" : 99.971427917480469,
	"total_correct" : 6998,
	"total_wrong" : 2
}