{
	"class_success_rate" : 
	[
		98.069496154785156,
		75.712882995605469,
		91.853363037109375,
		90.909088134765625,
		87.352943420410156,
		96.4249267578125,
		88.877754211425781
	],
	"confusion_matrix" : 
	[
		[
			1016,
			49,
			0,
			0,
			0,
			0,
			4
		],
		[
			20,
			770,
			3,
			0,
			0,
			0,
			1
		],
		[
			0,
			196,
			902,
			17,
			0,
			0,
			1
		],
		[
			0,
			0,
			77,
			880,
			12,
			0,
			0
		],
		[
			0,
			0,
			0,
			71,
			891,
			10,
			4
		],
		[
			0,
			0,
			0,
			0,
			117,
			944,
			101
		],
		[
			0,
			2,
			0,
			0,
			0,
			25,
			887
		]
	],
	"succes_result" : 89.857139587402344,
	"total_correct" : 6290,
	"total_wrong" : 710
}