{
	"class_success_rate" : 
	[
		97.66497802734375,
		78.378379821777344,
		93.557975769042969,
		89.710289001464844,
		85.945396423339844,
		96.335586547851562,
		90.986717224121094
	],
	"confusion_matrix" : 
	[
		[
			962,
			42,
			0,
			0,
			0,
			0,
			6
		],
		[
			23,
			725,
			1,
			0,
			0,
			0,
			0
		],
		[
			0,
			157,
			944,
			14,
			0,
			0,
			1
		],
		[
			0,
			0,
			64,
			898,
			18,
			0,
			0
		],
		[
			0,
			1,
			0,
			89,
			850,
			10,
			3
		],
		[
			0,
			0,
			0,
			0,
			121,
			999,
			85
		],
		[
			0,
			0,
			0,
			0,
			0,
			28,
			959
		]
	],
	"succes_result" : 90.528572082519531,
	"total_correct" : 6337,
	"total_wrong" : 663
}