{
	"class_success_rate" : 
	[
		35.598087310791016,
		92.236976623535156,
		69.807693481445312,
		64.13934326171875,
		78.452499389648438,
		83.5062255859375,
		82.9578857421875,
		90.251571655273438
	],
	"confusion_matrix" : 
	[
		[
			372,
			27,
			0,
			0,
			0,
			0,
			0,
			2
		],
		[
			580,
			903,
			250,
			11,
			0,
			0,
			0,
			0
		],
		[
			15,
			36,
			726,
			169,
			3,
			0,
			0,
			1
		],
		[
			1,
			0,
			58,
			626,
			80,
			0,
			0,
			0
		],
		[
			7,
			3,
			0,
			168,
			801,
			88,
			5,
			0
		],
		[
			23,
			7,
			1,
			1,
			137,
			805,
			70,
			2
		],
		[
			38,
			2,
			1,
			0,
			0,
			69,
			847,
			88
		],
		[
			9,
			1,
			4,
			1,
			0,
			2,
			99,
			861
		]
	],
	"succes_result" : 74.262496948242188,
	"total_correct" : 5941,
	"total_wrong" : 2059
}