{
	"class_success_rate" : 
	[
		100,
		100,
		100,
		98.80596923828125,
		99.787689208984375,
		100,
		99.586349487304688,
		99.81256103515625
	],
	"confusion_matrix" : 
	[
		[
			1063,
			0,
			0,
			0,
			0,
			0,
			0,
			0
		],
		[
			0,
			1013,
			0,
			0,
			0,
			0,
			0,
			0
		],
		[
			0,
			0,
			967,
			0,
			0,
			0,
			0,
			0
		],
		[
			0,
			0,
			0,
			993,
			2,
			0,
			0,
			0
		],
		[
			0,
			0,
			0,
			12,
			940,
			0,
			0,
			0
		],
		[
			0,
			0,
			0,
			0,
			0,
			976,
			0,
			2
		],
		[
			0,
			0,
			0,
			0,
			0,
			0,
			963,
			0
		],
		[
			0,
			0,
			0,
			0,
			0,
			0,
			4,
			1065
		]
	],
	"succes_result" : 99.75,
	"total_correct" : 7980,
	"total_wrong" : 20
}