{
	"class_success_rate" : 
	[
		80.115829467773438,
		58.627647399902344,
		93.346977233886719,
		78.629859924316406,
		73.900291442871094,
		82.817184448242188,
		80.684104919433594
	],
	"confusion_matrix" : 
	[
		[
			830,
			140,
			1,
			0,
			0,
			1,
			0
		],
		[
			164,
			581,
			6,
			0,
			0,
			0,
			1
		],
		[
			3,
			246,
			912,
			138,
			0,
			0,
			0
		],
		[
			1,
			0,
			53,
			769,
			181,
			0,
			0
		],
		[
			8,
			0,
			0,
			71,
			756,
			76,
			5
		],
		[
			15,
			7,
			1,
			0,
			69,
			829,
			186
		],
		[
			15,
			17,
			4,
			0,
			17,
			95,
			802
		]
	],
	"succes_result" : 78.271430969238281,
	"total_correct" : 5479,
	"total_wrong" : 1521
}