{
	"class_success_rate" : 
	[
		99.808609008789062,
		100,
		100,
		98.872947692871094,
		99.412338256835938,
		100,
		99.804115295410156,
		99.895179748535156
	],
	"confusion_matrix" : 
	[
		[
			1043,
			0,
			0,
			0,
			0,
			0,
			0,
			0
		],
		[
			0,
			979,
			0,
			0,
			0,
			0,
			0,
			0
		],
		[
			0,
			0,
			1040,
			0,
			2,
			0,
			0,
			0
		],
		[
			0,
			0,
			0,
			965,
			2,
			0,
			0,
			0
		],
		[
			0,
			0,
			0,
			11,
			1015,
			0,
			0,
			0
		],
		[
			2,
			0,
			0,
			0,
			2,
			964,
			0,
			0
		],
		[
			0,
			0,
			0,
			0,
			0,
			0,
			1019,
			1
		],
		[
			0,
			0,
			0,
			0,
			0,
			0,
			2,
			953
		]
	],
	"succes_result" : 99.724998474121094,
	"total_correct" : 7978,
	"total_wrong" : 22
}