{
	"class_success_rate" : 
	[
		96.774192810058594,
		90.666664123535156,
		90.192306518554688,
		96.074378967285156,
		94.181816101074219
	],
	"confusion_matrix" : 
	[
		[
			480,
			27,
			0,
			0,
			0
		],
		[
			16,
			408,
			22,
			0,
			0
		],
		[
			0,
			15,
			469,
			7,
			0
		],
		[
			0,
			0,
			29,
			465,
			32
		],
		[
			0,
			0,
			0,
			12,
			518
		]
	],
	"succes_result" : 93.599998474121094,
	"total_correct" : 2340,
	"total_wrong" : 160
}