{
	"class_success_rate" : 
	[
		100,
		100,
		99.7952880859375,
		99.795501708984375,
		99.511238098144531,
		99.60040283203125,
		99.597587585449219
	],
	"confusion_matrix" : 
	[
		[
			1036,
			0,
			1,
			0,
			0,
			0,
			0
		],
		[
			0,
			991,
			0,
			0,
			0,
			0,
			0
		],
		[
			0,
			0,
			975,
			0,
			0,
			0,
			0
		],
		[
			0,
			0,
			1,
			976,
			1,
			0,
			0
		],
		[
			0,
			0,
			0,
			2,
			1018,
			1,
			0
		],
		[
			0,
			0,
			0,
			0,
			2,
			997,
			4
		],
		[
			0,
			0,
			0,
			0,
			2,
			3,
			990
		]
	],
	"succes_result" : 99.75714111328125,
	"total_correct" : 6983,
	"total_wrong" : 17
}