{
	"class_success_rate" : 
	[
		99.902435302734375,
		100,
		99.902534484863281,
		99.088142395019531,
		99.897537231445312,
		98.568702697753906,
		99.0615234375
	],
	"confusion_matrix" : 
	[
		[
			1024,
			0,
			0,
			0,
			0,
			0,
			0
		],
		[
			0,
			979,
			0,
			0,
			0,
			0,
			0
		],
		[
			0,
			0,
			1025,
			1,
			0,
			0,
			0
		],
		[
			0,
			0,
			1,
			978,
			1,
			0,
			0
		],
		[
			0,
			0,
			0,
			8,
			975,
			12,
			0
		],
		[
			0,
			0,
			0,
			0,
			0,
			1033,
			9
		],
		[
			1,
			0,
			0,
			0,
			0,
			3,
			950
		]
	],
	"succes_result" : 99.4857177734375,
	"total_correct" : 6964,
	"total_wrong" : 36
}