{
	"class_success_rate" : 
	[
		83.024391174316406,
		54.545455932617188,
		91.617935180664062,
		79.939208984375,
		71.413932800292969,
		81.870231628417969,
		79.66632080078125
	],
	"confusion_matrix" : 
	[
		[
			851,
			125,
			6,
			0,
			0,
			0,
			0
		],
		[
			127,
			534,
			7,
			0,
			0,
			1,
			0
		],
		[
			5,
			286,
			940,
			122,
			1,
			0,
			0
		],
		[
			1,
			0,
			72,
			789,
			187,
			0,
			0
		],
		[
			5,
			2,
			0,
			71,
			697,
			100,
			8
		],
		[
			25,
			6,
			0,
			0,
			80,
			858,
			187
		],
		[
			11,
			26,
			1,
			5,
			11,
			89,
			764
		]
	],
	"succes_result" : 77.614288330078125,
	"total_correct" : 5433,
	"total_wrong" : 1567
}