{
	"class_success_rate" : 
	[
		96.565658569335938,
		90.663902282714844,
		92.635658264160156,
		96.007606506347656,
		94.178794860839844
	],
	"confusion_matrix" : 
	[
		[
			478,
			25,
			0,
			0,
			0
		],
		[
			17,
			437,
			21,
			0,
			0
		],
		[
			0,
			19,
			478,
			11,
			0
		],
		[
			0,
			1,
			17,
			505,
			28
		],
		[
			0,
			0,
			0,
			10,
			453
		]
	],
	"succes_result" : 94.040000915527344,
	"total_correct" : 2351,
	"total_wrong" : 149
}