{
	"accuracy" : 95.55999755859375,
	"class_success_rate" : 
	[
		97.475730895996094,
		95.363540649414062,
		94.111968994140625,
		95.495498657226562,
		95.334686279296875
	],
	"confusion_matrix" : 
	[
		[
			1004,
			28,
			0,
			0,
			0
		],
		[
			26,
			905,
			33,
			0,
			0
		],
		[
			0,
			16,
			975,
			40,
			0
		],
		[
			0,
			0,
			28,
			954,
			46
		],
		[
			0,
			0,
			0,
			5,
			940
		]
	],
	"miss_count" : 222,
	"success_count" : 4778
}