{
	"accuracy" : 95.680000305175781,
	"class_success_rate" : 
	[
		97.36328125,
		95.665321350097656,
		95.010185241699219,
		94.322708129882812,
		95.991981506347656
	],
	"confusion_matrix" : 
	[
		[
			997,
			22,
			0,
			0,
			0
		],
		[
			27,
			949,
			30,
			0,
			0
		],
		[
			0,
			21,
			933,
			35,
			0
		],
		[
			0,
			0,
			19,
			947,
			40
		],
		[
			0,
			0,
			0,
			22,
			958
		]
	],
	"miss_count" : 216,
	"success_count" : 4784
}