{
	"class_success_rate" : 
	[
		98.016998291015625,
		94.491523742675781,
		96.150047302246094,
		94.705291748046875,
		94.536582946777344,
		95.146614074707031,
		94.014450073242188
	],
	"confusion_matrix" : 
	[
		[
			1038,
			27,
			0,
			0,
			0,
			0,
			0
		],
		[
			21,
			892,
			16,
			0,
			0,
			0,
			0
		],
		[
			0,
			25,
			974,
			26,
			0,
			0,
			2
		],
		[
			0,
			0,
			23,
			948,
			22,
			0,
			0
		],
		[
			0,
			0,
			0,
			27,
			969,
			19,
			0
		],
		[
			0,
			0,
			0,
			0,
			34,
			941,
			56
		],
		[
			0,
			0,
			0,
			0,
			0,
			29,
			911
		]
	],
	"succes_result" : 95.328575134277344,
	"total_correct" : 6673,
	"total_wrong" : 327
}