{
	"class_success_rate" : 
	[
		100,
		100,
		99.801780700683594,
		100,
		100,
		99.903564453125,
		99.905120849609375
	],
	"confusion_matrix" : 
	[
		[
			985,
			0,
			0,
			0,
			0,
			0,
			0
		],
		[
			0,
			925,
			2,
			0,
			0,
			0,
			0
		],
		[
			0,
			0,
			1007,
			0,
			0,
			0,
			0
		],
		[
			0,
			0,
			0,
			1001,
			0,
			0,
			0
		],
		[
			0,
			0,
			0,
			0,
			989,
			0,
			0
		],
		[
			0,
			0,
			0,
			0,
			0,
			1036,
			1
		],
		[
			0,
			0,
			0,
			0,
			0,
			1,
			1053
		]
	],
	"succes_result" : 99.942855834960938,
	"total_correct" : 6996,
	"total_wrong" : 4
}