{
	"class_success_rate" : 
	[
		97.055938720703125,
		83.001991271972656,
		91.701248168945312,
		67.334671020507812,
		76.1856689453125,
		88.401557922363281,
		71.931587219238281,
		81.636726379394531
	],
	"confusion_matrix" : 
	[
		[
			989,
			106,
			0,
			1,
			0,
			2,
			8,
			3
		],
		[
			27,
			835,
			56,
			0,
			0,
			0,
			0,
			0
		],
		[
			0,
			65,
			884,
			227,
			0,
			0,
			0,
			0
		],
		[
			0,
			0,
			23,
			672,
			85,
			0,
			0,
			0
		],
		[
			0,
			0,
			0,
			98,
			755,
			48,
			0,
			0
		],
		[
			0,
			0,
			0,
			0,
			151,
			907,
			104,
			6
		],
		[
			0,
			0,
			0,
			0,
			0,
			63,
			715,
			175
		],
		[
			3,
			0,
			1,
			0,
			0,
			6,
			167,
			818
		]
	],
	"succes_result" : 82.1875,
	"total_correct" : 6575,
	"total_wrong" : 1425
}