{
	"class_success_rate" : 
	[
		100,
		99.693565368652344,
		99.902534484863281,
		99.79736328125,
		100,
		99.904579162597656,
		99.791450500488281
	],
	"confusion_matrix" : 
	[
		[
			1025,
			0,
			0,
			0,
			0,
			0,
			0
		],
		[
			0,
			976,
			1,
			0,
			0,
			0,
			1
		],
		[
			0,
			2,
			1025,
			1,
			0,
			0,
			0
		],
		[
			0,
			0,
			0,
			985,
			0,
			0,
			0
		],
		[
			0,
			0,
			0,
			1,
			976,
			1,
			0
		],
		[
			0,
			0,
			0,
			0,
			0,
			1047,
			1
		],
		[
			0,
			1,
			0,
			0,
			0,
			0,
			957
		]
	],
	"succes_result" : 99.871429443359375,
	"total_correct" : 6991,
	"total_wrong" : 9
}