{
	"class_success_rate" : 
	[
		100,
		99.894065856933594,
		100,
		100,
		100,
		100,
		99.896797180175781
	],
	"confusion_matrix" : 
	[
		[
			1059,
			1,
			0,
			0,
			0,
			0,
			0
		],
		[
			0,
			943,
			0,
			0,
			0,
			0,
			0
		],
		[
			0,
			0,
			1013,
			0,
			0,
			0,
			0
		],
		[
			0,
			0,
			0,
			1001,
			0,
			0,
			0
		],
		[
			0,
			0,
			0,
			0,
			1025,
			0,
			0
		],
		[
			0,
			0,
			0,
			0,
			0,
			989,
			1
		],
		[
			0,
			0,
			0,
			0,
			0,
			0,
			968
		]
	],
	"succes_result" : 99.971427917480469,
	"total_correct" : 6998,
	"total_wrong" : 2
}