{
	"class_success_rate" : 
	[
		94.731704711914062,
		85.903984069824219,
		85.185188293457031,
		77.102333068847656,
		78.586067199707031,
		73.473281860351562,
		86.757041931152344
	],
	"confusion_matrix" : 
	[
		[
			971,
			58,
			0,
			0,
			3,
			1,
			9
		],
		[
			50,
			841,
			63,
			0,
			1,
			0,
			3
		],
		[
			0,
			77,
			874,
			98,
			0,
			3,
			6
		],
		[
			0,
			0,
			87,
			761,
			90,
			2,
			0
		],
		[
			0,
			1,
			0,
			127,
			767,
			95,
			11
		],
		[
			2,
			0,
			0,
			0,
			109,
			770,
			98
		],
		[
			2,
			2,
			2,
			1,
			6,
			177,
			832
		]
	],
	"succes_result" : 83.085716247558594,
	"total_correct" : 5816,
	"total_wrong" : 1184
}