{
	"class_success_rate" : 
	[
		95.204078674316406,
		84.946235656738281,
		88.402847290039062,
		76.241477966308594,
		79.016395568847656,
		73.232795715332031,
		86.251235961914062
	],
	"confusion_matrix" : 
	[
		[
			933,
			78,
			0,
			0,
			2,
			6,
			11
		],
		[
			39,
			869,
			46,
			0,
			1,
			1,
			4
		],
		[
			2,
			74,
			869,
			117,
			1,
			3,
			3
		],
		[
			0,
			0,
			66,
			783,
			71,
			0,
			0
		],
		[
			0,
			1,
			0,
			127,
			723,
			98,
			16
		],
		[
			1,
			0,
			0,
			0,
			107,
			777,
			105
		],
		[
			5,
			1,
			2,
			0,
			10,
			176,
			872
		]
	],
	"succes_result" : 83.228569030761719,
	"total_correct" : 5826,
	"total_wrong" : 1174
}