{
	"class_success_rate" : 
	[
		94.920036315917969,
		79.664360046386719,
		91.313339233398438,
		68.756217956542969,
		77.176223754882812,
		89.856559753417969,
		69.596687316894531,
		81.44329833984375
	],
	"confusion_matrix" : 
	[
		[
			1009,
			137,
			0,
			0,
			1,
			2,
			8,
			3
		],
		[
			52,
			807,
			60,
			0,
			0,
			0,
			0,
			0
		],
		[
			0,
			67,
			883,
			211,
			0,
			0,
			0,
			1
		],
		[
			0,
			0,
			21,
			691,
			75,
			0,
			0,
			0
		],
		[
			0,
			0,
			0,
			103,
			727,
			37,
			0,
			0
		],
		[
			0,
			0,
			0,
			0,
			139,
			877,
			129,
			3
		],
		[
			0,
			0,
			0,
			0,
			0,
			55,
			673,
			191
		],
		[
			2,
			2,
			3,
			0,
			0,
			5,
			157,
			869
		]
	],
	"succes_result" : 81.699996948242188,
	"total_correct" : 6536,
	"total_wrong" : 1464
}