{
	"class_success_rate" : 
	[
		97.373741149902344,
		94.605812072753906,
		96.317832946777344,
		97.7186279296875,
		95.426193237304688
	],
	"confusion_matrix" : 
	[
		[
			482,
			8,
			0,
			0,
			0
		],
		[
			13,
			456,
			10,
			0,
			0
		],
		[
			0,
			18,
			497,
			10,
			0
		],
		[
			0,
			0,
			9,
			514,
			22
		],
		[
			0,
			0,
			0,
			2,
			459
		]
	],
	"succes_result" : 96.319999694824219,
	"total_correct" : 2408,
	"total_wrong" : 92
}