{
	"class_success_rate" : 
	[
		95.740364074707031,
		95.402297973632812,
		95.551254272460938,
		96.506553649902344,
		94.705879211425781
	],
	"confusion_matrix" : 
	[
		[
			472,
			9,
			0,
			0,
			0
		],
		[
			21,
			498,
			8,
			0,
			0
		],
		[
			0,
			15,
			494,
			12,
			0
		],
		[
			0,
			0,
			15,
			442,
			27
		],
		[
			0,
			0,
			0,
			4,
			483
		]
	],
	"succes_result" : 95.55999755859375,
	"total_correct" : 2389,
	"total_wrong" : 111
}