{
	"class_success_rate" : 
	[
		97.96954345703125,
		94.702705383300781,
		96.531219482421875,
		93.806190490722656,
		93.528816223144531,
		93.153327941894531,
		96.110054016113281
	],
	"confusion_matrix" : 
	[
		[
			965,
			22,
			0,
			0,
			0,
			0,
			1
		],
		[
			20,
			876,
			19,
			0,
			0,
			0,
			0
		],
		[
			0,
			27,
			974,
			26,
			0,
			0,
			0
		],
		[
			0,
			0,
			16,
			939,
			26,
			0,
			0
		],
		[
			0,
			0,
			0,
			36,
			925,
			32,
			1
		],
		[
			0,
			0,
			0,
			0,
			38,
			966,
			39
		],
		[
			0,
			0,
			0,
			0,
			0,
			39,
			1013
		]
	],
	"succes_result" : 95.114288330078125,
	"total_correct" : 6658,
	"total_wrong" : 342
}