{
	"class_success_rate" : 
	[
		100,
		100,
		99.898269653320312,
		99.805259704589844,
		99.781417846679688,
		99.717247009277344,
		100
	],
	"confusion_matrix" : 
	[
		[
			980,
			0,
			0,
			0,
			0,
			0,
			0
		],
		[
			0,
			1023,
			0,
			0,
			1,
			0,
			0
		],
		[
			0,
			0,
			982,
			1,
			0,
			0,
			0
		],
		[
			0,
			0,
			1,
			1025,
			1,
			0,
			0
		],
		[
			0,
			0,
			0,
			1,
			913,
			3,
			0
		],
		[
			0,
			0,
			0,
			0,
			0,
			1058,
			0
		],
		[
			0,
			0,
			0,
			0,
			0,
			0,
			1011
		]
	],
	"succes_result" : 99.885711669921875,
	"total_correct" : 6992,
	"total_wrong" : 8
}