{
	"class_success_rate" : 
	[
		98.640777587890625,
		95.721389770507812,
		95.867767333984375,
		98.119125366210938,
		97.692306518554688
	],
	"confusion_matrix" : 
	[
		[
			1016,
			20,
			0,
			0,
			0
		],
		[
			14,
			962,
			17,
			0,
			0
		],
		[
			0,
			23,
			928,
			9,
			0
		],
		[
			0,
			0,
			23,
			939,
			24
		],
		[
			0,
			0,
			0,
			9,
			1016
		]
	],
	"succes_result" : 97.220001220703125,
	"total_correct" : 4861,
	"total_wrong" : 139
}