{
	"class_success_rate" : 
	[
		72.060203552246094,
		95.2615966796875,
		93.485008239746094,
		87.661689758300781,
		85.774948120117188,
		88.729507446289062,
		87.590484619140625,
		89.784439086914062
	],
	"confusion_matrix" : 
	[
		[
			766,
			6,
			0,
			0,
			0,
			0,
			0,
			0
		],
		[
			200,
			965,
			42,
			0,
			0,
			0,
			2,
			1
		],
		[
			16,
			38,
			904,
			57,
			0,
			2,
			0,
			1
		],
		[
			22,
			0,
			21,
			881,
			80,
			3,
			2,
			0
		],
		[
			13,
			1,
			0,
			66,
			808,
			32,
			2,
			0
		],
		[
			11,
			0,
			0,
			0,
			54,
			866,
			50,
			3
		],
		[
			25,
			2,
			0,
			1,
			0,
			71,
			847,
			104
		],
		[
			10,
			1,
			0,
			0,
			0,
			2,
			64,
			958
		]
	],
	"succes_result" : 87.4375,
	"total_correct" : 6995,
	"total_wrong" : 1005
}