{
	"class_success_rate" : 
	[
		100,
		99.899696350097656,
		100,
		100,
		100,
		99.696968078613281,
		99.716178894042969,
		100
	],
	"confusion_matrix" : 
	[
		[
			1050,
			1,
			0,
			0,
			0,
			0,
			0,
			0
		],
		[
			0,
			996,
			0,
			0,
			0,
			0,
			0,
			0
		],
		[
			0,
			0,
			937,
			0,
			0,
			0,
			0,
			0
		],
		[
			0,
			0,
			0,
			979,
			0,
			0,
			0,
			0
		],
		[
			0,
			0,
			0,
			0,
			994,
			1,
			0,
			0
		],
		[
			0,
			0,
			0,
			0,
			0,
			987,
			1,
			0
		],
		[
			0,
			0,
			0,
			0,
			0,
			2,
			1054,
			0
		],
		[
			0,
			0,
			0,
			0,
			0,
			0,
			2,
			996
		]
	],
	"succes_result" : 99.912498474121094,
	"total_correct" : 7993,
	"total_wrong" : 7
}