{
	"class_success_rate" : 
	[
		93.375679016113281,
		96.680084228515625,
		93.674697875976562,
		94.472358703613281,
		93.250259399414062,
		92.964820861816406,
		93.926704406738281
	],
	"confusion_matrix" : 
	[
		[
			1029,
			6,
			0,
			0,
			0,
			0,
			0
		],
		[
			71,
			961,
			28,
			0,
			0,
			0,
			0
		],
		[
			0,
			27,
			933,
			24,
			0,
			0,
			0
		],
		[
			0,
			0,
			35,
			940,
			23,
			0,
			0
		],
		[
			0,
			0,
			0,
			31,
			898,
			19,
			0
		],
		[
			0,
			0,
			0,
			0,
			42,
			925,
			58
		],
		[
			2,
			0,
			0,
			0,
			0,
			51,
			897
		]
	],
	"succes_result" : 94.042854309082031,
	"total_correct" : 6583,
	"total_wrong" : 417
}