{
	"class_success_rate" : 
	[
		100,
		99.901283264160156,
		100,
		99.900497436523438,
		99.893844604492188,
		99.897537231445312,
		99.689765930175781,
		99.906280517578125
	],
	"confusion_matrix" : 
	[
		[
			1063,
			0,
			0,
			0,
			0,
			0,
			0,
			0
		],
		[
			0,
			1012,
			0,
			0,
			0,
			0,
			0,
			0
		],
		[
			0,
			1,
			967,
			0,
			0,
			0,
			0,
			0
		],
		[
			0,
			0,
			0,
			1004,
			0,
			1,
			0,
			0
		],
		[
			0,
			0,
			0,
			1,
			941,
			0,
			0,
			0
		],
		[
			0,
			0,
			0,
			0,
			1,
			975,
			0,
			0
		],
		[
			0,
			0,
			0,
			0,
			0,
			0,
			964,
			1
		],
		[
			0,
			0,
			0,
			0,
			0,
			0,
			3,
			1066
		]
	],
	"succes_result" : 99.900001525878906,
	"total_correct" : 7992,
	"total_wrong" : 8
}