{
	"class_success_rate" : 
	[
		91.675125122070312,
		96.756759643554688,
		95.441032409667969,
		95.004997253417969,
		91.809906005859375,
		93.635490417480469,
		96.394683837890625
	],
	"confusion_matrix" : 
	[
		[
			903,
			5,
			0,
			0,
			0,
			0,
			0
		],
		[
			78,
			895,
			24,
			0,
			0,
			0,
			1
		],
		[
			0,
			25,
			963,
			23,
			0,
			0,
			1
		],
		[
			0,
			0,
			22,
			951,
			31,
			0,
			0
		],
		[
			0,
			0,
			0,
			27,
			908,
			21,
			1
		],
		[
			0,
			0,
			0,
			0,
			50,
			971,
			35
		],
		[
			4,
			0,
			0,
			0,
			0,
			45,
			1016
		]
	],
	"succes_result" : 94.385711669921875,
	"total_correct" : 6607,
	"total_wrong" : 393
}