{
	"class_success_rate" : 
	[
		72,
		95.285858154296875,
		93.276412963867188,
		86.516853332519531,
		86.720321655273438,
		86.363639831542969,
		86.565750122070312,
		90.562248229980469
	],
	"confusion_matrix" : 
	[
		[
			756,
			7,
			0,
			0,
			0,
			0,
			0,
			0
		],
		[
			192,
			950,
			36,
			0,
			0,
			0,
			1,
			0
		],
		[
			18,
			38,
			874,
			52,
			0,
			0,
			0,
			1
		],
		[
			30,
			1,
			27,
			847,
			86,
			1,
			0,
			0
		],
		[
			6,
			0,
			0,
			80,
			862,
			42,
			0,
			1
		],
		[
			9,
			0,
			0,
			0,
			46,
			855,
			66,
			6
		],
		[
			27,
			1,
			0,
			0,
			0,
			90,
			915,
			86
		],
		[
			12,
			0,
			0,
			0,
			0,
			2,
			75,
			902
		]
	],
	"succes_result" : 87.012496948242188,
	"total_correct" : 6961,
	"total_wrong" : 1039
}