{
	"class_success_rate" : 
	[
		52.304798126220703,
		94.866729736328125,
		92.657707214355469,
		85.572135925292969,
		78.980888366699219,
		93.032783508300781,
		70.941055297851562,
		81.818183898925781
	],
	"confusion_matrix" : 
	[
		[
			556,
			7,
			0,
			0,
			0,
			0,
			0,
			0
		],
		[
			277,
			961,
			48,
			0,
			0,
			1,
			2,
			2
		],
		[
			23,
			40,
			896,
			77,
			0,
			0,
			0,
			2
		],
		[
			38,
			0,
			23,
			860,
			85,
			1,
			2,
			0
		],
		[
			10,
			0,
			0,
			67,
			744,
			16,
			1,
			0
		],
		[
			39,
			0,
			0,
			1,
			112,
			908,
			97,
			9
		],
		[
			78,
			4,
			0,
			0,
			1,
			47,
			686,
			181
		],
		[
			42,
			1,
			0,
			0,
			0,
			3,
			179,
			873
		]
	],
	"succes_result" : 81.050003051757812,
	"total_correct" : 6484,
	"total_wrong" : 1516
}