{
	"class_success_rate" : 
	[
		100,
		100,
		100,
		100,
		100,
		99.898269653320312,
		100
	],
	"confusion_matrix" : 
	[
		[
			1001,
			0,
			0,
			0,
			0,
			0,
			0
		],
		[
			0,
			1051,
			0,
			0,
			0,
			0,
			0
		],
		[
			0,
			0,
			1042,
			0,
			0,
			0,
			0
		],
		[
			0,
			0,
			0,
			956,
			0,
			0,
			0
		],
		[
			0,
			0,
			0,
			0,
			1027,
			0,
			0
		],
		[
			0,
			0,
			0,
			0,
			0,
			982,
			0
		],
		[
			0,
			0,
			0,
			0,
			0,
			1,
			940
		]
	],
	"succes_result" : 99.9857177734375,
	"total_correct" : 6999,
	"total_wrong" : 1
}