{
	"class_success_rate" : 
	[
		92.307693481445312,
		97.24072265625,
		94.529747009277344,
		92.782424926757812,
		86.075950622558594,
		76.703964233398438,
		95.638298034667969
	],
	"confusion_matrix" : 
	[
		[
			924,
			4,
			0,
			0,
			0,
			0,
			1
		],
		[
			72,
			1022,
			26,
			0,
			0,
			0,
			1
		],
		[
			0,
			25,
			985,
			36,
			0,
			0,
			0
		],
		[
			0,
			0,
			31,
			887,
			38,
			0,
			0
		],
		[
			0,
			0,
			0,
			33,
			884,
			40,
			2
		],
		[
			0,
			0,
			0,
			0,
			105,
			754,
			37
		],
		[
			5,
			0,
			0,
			0,
			0,
			189,
			899
		]
	],
	"succes_result" : 90.785713195800781,
	"total_correct" : 6355,
	"total_wrong" : 645
}