{
	"class_success_rate" : 
	[
		100,
		99.895286560058594,
		100,
		99.70208740234375,
		99.796951293945312,
		99.798995971679688,
		99.795501708984375,
		100
	],
	"confusion_matrix" : 
	[
		[
			1007,
			0,
			0,
			0,
			0,
			0,
			0,
			0
		],
		[
			0,
			954,
			0,
			0,
			0,
			0,
			0,
			0
		],
		[
			0,
			0,
			1069,
			2,
			0,
			0,
			0,
			0
		],
		[
			0,
			0,
			0,
			1004,
			2,
			0,
			0,
			0
		],
		[
			0,
			0,
			0,
			1,
			983,
			1,
			0,
			0
		],
		[
			0,
			0,
			0,
			0,
			0,
			993,
			1,
			0
		],
		[
			0,
			1,
			0,
			0,
			0,
			1,
			976,
			0
		],
		[
			0,
			0,
			0,
			0,
			0,
			0,
			1,
			1004
		]
	],
	"succes_result" : 99.875,
	"total_correct" : 7990,
	"total_wrong" : 10
}