{
	"class_success_rate" : 
	[
		100,
		100,
		100,
		99.900100708007812,
		100,
		100,
		99.905120849609375
	],
	"confusion_matrix" : 
	[
		[
			985,
			0,
			0,
			0,
			0,
			0,
			0
		],
		[
			0,
			925,
			0,
			0,
			0,
			0,
			0
		],
		[
			0,
			0,
			1009,
			0,
			0,
			0,
			1
		],
		[
			0,
			0,
			0,
			1000,
			0,
			0,
			0
		],
		[
			0,
			0,
			0,
			1,
			989,
			0,
			0
		],
		[
			0,
			0,
			0,
			0,
			0,
			1037,
			0
		],
		[
			0,
			0,
			0,
			0,
			0,
			0,
			1053
		]
	],
	"succes_result" : 99.971427917480469,
	"total_correct" : 6998,
	"total_wrong" : 2
}