{
	"class_success_rate" : 
	[
		55.014896392822266,
		93.507850646972656,
		90.177734375,
		83.813308715820312,
		79.6954345703125,
		88.643218994140625,
		74.028633117675781,
		81.972114562988281
	],
	"confusion_matrix" : 
	[
		[
			554,
			9,
			0,
			0,
			0,
			0,
			0,
			0
		],
		[
			280,
			893,
			68,
			0,
			0,
			2,
			2,
			3
		],
		[
			21,
			45,
			964,
			82,
			0,
			0,
			0,
			1
		],
		[
			34,
			0,
			37,
			844,
			97,
			3,
			1,
			1
		],
		[
			11,
			0,
			0,
			81,
			785,
			35,
			2,
			0
		],
		[
			27,
			1,
			0,
			0,
			103,
			882,
			89,
			12
		],
		[
			43,
			3,
			0,
			0,
			0,
			69,
			724,
			164
		],
		[
			37,
			4,
			0,
			0,
			0,
			4,
			160,
			823
		]
	],
	"succes_result" : 80.862503051757812,
	"total_correct" : 6469,
	"total_wrong" : 1531
}