{
	"class_success_rate" : 
	[
		91.675125122070312,
		96.648651123046875,
		94.747276306152344,
		93.306694030761719,
		84.327606201171875,
		81.485054016113281,
		96.679313659667969
	],
	"confusion_matrix" : 
	[
		[
			903,
			6,
			0,
			0,
			0,
			0,
			0
		],
		[
			77,
			894,
			24,
			0,
			0,
			0,
			0
		],
		[
			0,
			25,
			956,
			26,
			0,
			0,
			2
		],
		[
			0,
			0,
			29,
			934,
			31,
			0,
			1
		],
		[
			0,
			0,
			0,
			41,
			834,
			28,
			1
		],
		[
			0,
			0,
			0,
			0,
			124,
			845,
			31
		],
		[
			5,
			0,
			0,
			0,
			0,
			164,
			1019
		]
	],
	"succes_result" : 91.214286804199219,
	"total_correct" : 6385,
	"total_wrong" : 615
}