{
	"class_success_rate" : 
	[
		100,
		99.703849792480469,
		100,
		100,
		99.893844604492188,
		99.897537231445312,
		99.689765930175781,
		99.718841552734375
	],
	"confusion_matrix" : 
	[
		[
			1063,
			0,
			0,
			0,
			0,
			0,
			0,
			0
		],
		[
			0,
			1010,
			0,
			0,
			0,
			0,
			0,
			0
		],
		[
			0,
			0,
			967,
			0,
			0,
			0,
			0,
			0
		],
		[
			0,
			0,
			0,
			1005,
			1,
			0,
			0,
			0
		],
		[
			0,
			0,
			0,
			0,
			941,
			0,
			0,
			0
		],
		[
			0,
			0,
			0,
			0,
			0,
			975,
			1,
			2
		],
		[
			0,
			3,
			0,
			0,
			0,
			1,
			964,
			1
		],
		[
			0,
			0,
			0,
			0,
			0,
			0,
			2,
			1064
		]
	],
	"succes_result" : 99.862503051757812,
	"total_correct" : 7989,
	"total_wrong" : 11
}