{
	"accuracy" : 96.379997253417969,
	"class_success_rate" : 
	[
		98.119125366210938,
		94.715850830078125,
		93.869346618652344,
		96.933731079101562,
		98.259185791015625
	],
	"confusion_matrix" : 
	[
		[
			939,
			33,
			0,
			0,
			0
		],
		[
			18,
			950,
			31,
			0,
			0
		],
		[
			0,
			20,
			934,
			16,
			0
		],
		[
			0,
			0,
			30,
			980,
			18
		],
		[
			0,
			0,
			0,
			15,
			1016
		]
	],
	"miss_count" : 181,
	"success_count" : 4819
}