{
	"class_success_rate" : 
	[
		64.910629272460938,
		77.393882751464844,
		96.897621154785156,
		85.074623107910156,
		83.2271728515625,
		87.090164184570312,
		84.901756286621094,
		89.409561157226562
	],
	"confusion_matrix" : 
	[
		[
			690,
			83,
			0,
			0,
			0,
			0,
			0,
			0
		],
		[
			227,
			784,
			15,
			0,
			0,
			0,
			0,
			1
		],
		[
			2,
			129,
			937,
			74,
			0,
			0,
			0,
			0
		],
		[
			24,
			5,
			15,
			855,
			81,
			0,
			2,
			0
		],
		[
			14,
			2,
			0,
			75,
			784,
			38,
			0,
			1
		],
		[
			51,
			2,
			0,
			0,
			75,
			850,
			74,
			2
		],
		[
			19,
			1,
			0,
			1,
			2,
			87,
			821,
			109
		],
		[
			36,
			7,
			0,
			0,
			0,
			1,
			70,
			954
		]
	],
	"succes_result" : 83.4375,
	"total_correct" : 6675,
	"total_wrong" : 1325
}