{
	"class_success_rate" : 
	[
		53.56097412109375,
		92.645553588867188,
		85.28265380859375,
		81.155014038085938,
		69.467216491699219,
		80.152671813964844,
		79.457771301269531
	],
	"confusion_matrix" : 
	[
		[
			549,
			1,
			0,
			0,
			0,
			0,
			0
		],
		[
			345,
			907,
			76,
			0,
			1,
			3,
			9
		],
		[
			19,
			66,
			875,
			109,
			1,
			1,
			2
		],
		[
			25,
			2,
			75,
			801,
			182,
			4,
			4
		],
		[
			6,
			0,
			0,
			77,
			678,
			67,
			2
		],
		[
			18,
			1,
			0,
			0,
			113,
			840,
			180
		],
		[
			63,
			2,
			0,
			0,
			1,
			133,
			762
		]
	],
	"succes_result" : 77.314285278320312,
	"total_correct" : 5412,
	"total_wrong" : 1588
}