{
	"class_success_rate" : 
	[
		100,
		100,
		99.900894165039062,
		100,
		100,
		100,
		100
	],
	"confusion_matrix" : 
	[
		[
			985,
			0,
			0,
			0,
			0,
			0,
			0
		],
		[
			0,
			925,
			0,
			0,
			0,
			0,
			0
		],
		[
			0,
			0,
			1008,
			0,
			0,
			0,
			0
		],
		[
			0,
			0,
			1,
			1001,
			0,
			0,
			0
		],
		[
			0,
			0,
			0,
			0,
			989,
			0,
			0
		],
		[
			0,
			0,
			0,
			0,
			0,
			1037,
			0
		],
		[
			0,
			0,
			0,
			0,
			0,
			0,
			1054
		]
	],
	"succes_result" : 99.9857177734375,
	"total_correct" : 6999,
	"total_wrong" : 1
}