{
	"class_success_rate" : 
	[
		91.03314208984375,
		93.798446655273438,
		92.164947509765625,
		93.265304565429688,
		97.177421569824219
	],
	"confusion_matrix" : 
	[
		[
			467,
			3,
			0,
			0,
			0
		],
		[
			46,
			484,
			8,
			0,
			0
		],
		[
			0,
			29,
			447,
			10,
			0
		],
		[
			0,
			0,
			30,
			457,
			14
		],
		[
			0,
			0,
			0,
			23,
			482
		]
	],
	"succes_result" : 93.480003356933594,
	"total_correct" : 2337,
	"total_wrong" : 163
}