{
	"class_success_rate" : 
	[
		99.905929565429688,
		100,
		100,
		99.900497436523438,
		100,
		99.897537231445312,
		99.586349487304688,
		100
	],
	"confusion_matrix" : 
	[
		[
			1062,
			0,
			0,
			0,
			0,
			0,
			0,
			0
		],
		[
			0,
			1013,
			0,
			0,
			0,
			0,
			0,
			0
		],
		[
			0,
			0,
			967,
			0,
			0,
			0,
			0,
			0
		],
		[
			0,
			0,
			0,
			1004,
			0,
			0,
			1,
			0
		],
		[
			0,
			0,
			0,
			0,
			942,
			0,
			0,
			0
		],
		[
			0,
			0,
			0,
			0,
			0,
			975,
			1,
			0
		],
		[
			0,
			0,
			0,
			1,
			0,
			1,
			963,
			0
		],
		[
			1,
			0,
			0,
			0,
			0,
			0,
			2,
			1067
		]
	],
	"succes_result" : 99.912498474121094,
	"total_correct" : 7993,
	"total_wrong" : 7
}