{
	"class_success_rate" : 
	[
		91.919189453125,
		93.775932312011719,
		93.604652404785156,
		94.296577453613281,
		96.049896240234375
	],
	"confusion_matrix" : 
	[
		[
			455,
			2,
			0,
			0,
			0
		],
		[
			40,
			452,
			14,
			0,
			0
		],
		[
			0,
			28,
			483,
			7,
			0
		],
		[
			0,
			0,
			19,
			496,
			19
		],
		[
			0,
			0,
			0,
			23,
			462
		]
	],
	"succes_result" : 93.919998168945312,
	"total_correct" : 2348,
	"total_wrong" : 152
}