{
	"class_success_rate" : 
	[
		97.757011413574219,
		97.0286865234375,
		95.966911315917969,
		98.048782348632812,
		97.505195617675781
	],
	"confusion_matrix" : 
	[
		[
			1046,
			12,
			0,
			0,
			0
		],
		[
			24,
			947,
			19,
			0,
			0
		],
		[
			0,
			17,
			928,
			16,
			0
		],
		[
			0,
			0,
			20,
			1005,
			24
		],
		[
			0,
			0,
			0,
			4,
			938
		]
	],
	"succes_result" : 97.279998779296875,
	"total_correct" : 4864,
	"total_wrong" : 136
}