{
	"class_success_rate" : 
	[
		100,
		100,
		99.805068969726562,
		99.696044921875,
		99.692619323730469,
		99.713737487792969,
		98.957244873046875
	],
	"confusion_matrix" : 
	[
		[
			1025,
			0,
			0,
			0,
			0,
			0,
			0
		],
		[
			0,
			979,
			2,
			0,
			0,
			0,
			1
		],
		[
			0,
			0,
			1024,
			2,
			0,
			0,
			0
		],
		[
			0,
			0,
			0,
			984,
			0,
			0,
			0
		],
		[
			0,
			0,
			0,
			1,
			973,
			2,
			0
		],
		[
			0,
			0,
			0,
			0,
			3,
			1045,
			9
		],
		[
			0,
			0,
			0,
			0,
			0,
			1,
			949
		]
	],
	"succes_result" : 99.699996948242188,
	"total_correct" : 6979,
	"total_wrong" : 21
}