{
	"class_success_rate" : 
	[
		51.652503967285156,
		93.209877014160156,
		84.183670043945312,
		79.279281616210938,
		67.485824584960938,
		78.474395751953125,
		79.794868469238281
	],
	"confusion_matrix" : 
	[
		[
			547,
			1,
			0,
			0,
			0,
			0,
			0
		],
		[
			339,
			906,
			82,
			0,
			1,
			2,
			6
		],
		[
			32,
			63,
			825,
			118,
			1,
			5,
			13
		],
		[
			38,
			0,
			73,
			792,
			190,
			6,
			3
		],
		[
			2,
			0,
			0,
			88,
			714,
			63,
			1
		],
		[
			34,
			1,
			0,
			1,
			149,
			751,
			174
		],
		[
			67,
			1,
			0,
			0,
			3,
			130,
			778
		]
	],
	"succes_result" : 75.900001525878906,
	"total_correct" : 5313,
	"total_wrong" : 1687
}