{
	"class_success_rate" : 
	[
		80,
		86.054054260253906,
		95.540138244628906,
		95.404594421386719,
		87.259857177734375,
		92.092575073242188,
		96.679313659667969
	],
	"confusion_matrix" : 
	[
		[
			788,
			0,
			0,
			0,
			0,
			0,
			0
		],
		[
			185,
			796,
			1,
			0,
			0,
			0,
			0
		],
		[
			0,
			128,
			964,
			9,
			0,
			0,
			3
		],
		[
			0,
			0,
			44,
			955,
			23,
			0,
			0
		],
		[
			3,
			1,
			0,
			37,
			863,
			10,
			2
		],
		[
			0,
			0,
			0,
			0,
			103,
			955,
			30
		],
		[
			9,
			0,
			0,
			0,
			0,
			72,
			1019
		]
	],
	"succes_result" : 90.571426391601562,
	"total_correct" : 6340,
	"total_wrong" : 660
}