{
	"class_success_rate" : 
	[
		99.496475219726562,
		100,
		100,
		99.900894165039062,
		100,
		99.8955078125,
		99.707603454589844,
		99.898170471191406
	],
	"confusion_matrix" : 
	[
		[
			988,
			0,
			0,
			0,
			0,
			0,
			0,
			0
		],
		[
			0,
			1008,
			0,
			0,
			0,
			0,
			0,
			0
		],
		[
			2,
			0,
			1017,
			0,
			0,
			0,
			0,
			0
		],
		[
			0,
			0,
			0,
			1008,
			0,
			0,
			0,
			0
		],
		[
			0,
			0,
			0,
			1,
			1008,
			0,
			0,
			0
		],
		[
			1,
			0,
			0,
			0,
			0,
			956,
			0,
			0
		],
		[
			2,
			0,
			0,
			0,
			0,
			1,
			1023,
			1
		],
		[
			0,
			0,
			0,
			0,
			0,
			0,
			3,
			981
		]
	],
	"succes_result" : 99.862503051757812,
	"total_correct" : 7989,
	"total_wrong" : 11
}