{
	"class_success_rate" : 
	[
		82.634147644042969,
		87.5,
		95.088409423828125,
		93.191055297851562,
		85.300430297851562,
		91.758796691894531,
		95.472061157226562
	],
	"confusion_matrix" : 
	[
		[
			847,
			0,
			0,
			0,
			0,
			0,
			0
		],
		[
			170,
			882,
			0,
			0,
			0,
			0,
			2
		],
		[
			0,
			125,
			968,
			24,
			0,
			0,
			2
		],
		[
			0,
			0,
			50,
			917,
			31,
			0,
			1
		],
		[
			2,
			1,
			0,
			43,
			795,
			18,
			4
		],
		[
			0,
			0,
			0,
			0,
			106,
			913,
			38
		],
		[
			6,
			0,
			0,
			0,
			0,
			64,
			991
		]
	],
	"succes_result" : 90.185714721679688,
	"total_correct" : 6313,
	"total_wrong" : 687
}