{
	"class_success_rate" : 
	[
		100,
		100,
		99.897956848144531,
		98.798797607421875,
		99.054817199707031,
		99.8955078125,
		98.974357604980469
	],
	"confusion_matrix" : 
	[
		[
			1059,
			0,
			0,
			0,
			0,
			0,
			0
		],
		[
			0,
			972,
			0,
			0,
			1,
			0,
			1
		],
		[
			0,
			0,
			979,
			7,
			0,
			0,
			1
		],
		[
			0,
			0,
			1,
			987,
			1,
			0,
			1
		],
		[
			0,
			0,
			0,
			5,
			1048,
			1,
			0
		],
		[
			0,
			0,
			0,
			0,
			6,
			956,
			7
		],
		[
			0,
			0,
			0,
			0,
			2,
			0,
			965
		]
	],
	"succes_result" : 99.5142822265625,
	"total_correct" : 6966,
	"total_wrong" : 34
}