{
	"class_success_rate" : 
	[
		62.638469696044922,
		75.396827697753906,
		95.673553466796875,
		84.142715454101562,
		85.416664123535156,
		85.370948791503906,
		81.96881103515625,
		89.409370422363281
	],
	"confusion_matrix" : 
	[
		[
			622,
			81,
			0,
			0,
			0,
			0,
			1,
			0
		],
		[
			228,
			760,
			20,
			0,
			0,
			0,
			0,
			0
		],
		[
			7,
			145,
			973,
			91,
			2,
			0,
			0,
			1
		],
		[
			27,
			5,
			24,
			849,
			74,
			0,
			1,
			0
		],
		[
			14,
			4,
			0,
			69,
			861,
			37,
			1,
			0
		],
		[
			56,
			6,
			0,
			0,
			71,
			817,
			76,
			0
		],
		[
			13,
			0,
			0,
			0,
			0,
			101,
			841,
			103
		],
		[
			26,
			7,
			0,
			0,
			0,
			2,
			106,
			878
		]
	],
	"succes_result" : 82.512496948242188,
	"total_correct" : 6601,
	"total_wrong" : 1399
}