{
	"class_success_rate" : 
	[
		100,
		100,
		100,
		100,
		100,
		100,
		99.903663635253906
	],
	"confusion_matrix" : 
	[
		[
			1025,
			0,
			0,
			0,
			0,
			0,
			0
		],
		[
			0,
			1008,
			0,
			0,
			0,
			0,
			0
		],
		[
			0,
			0,
			1018,
			0,
			0,
			0,
			0
		],
		[
			0,
			0,
			0,
			984,
			0,
			0,
			0
		],
		[
			0,
			0,
			0,
			0,
			932,
			0,
			0
		],
		[
			0,
			0,
			0,
			0,
			0,
			995,
			1
		],
		[
			0,
			0,
			0,
			0,
			0,
			0,
			1037
		]
	],
	"succes_result" : 99.9857177734375,
	"total_correct" : 6999,
	"total_wrong" : 1
}